{
	"mute": "🔇",
	"volumemiddle": "🔉",
	"volumelow": "🔈",
	"volumehigh": "🔊",
	"stop": "⏹️",
	"skip": "⏭️",
	"shuffle": "🔀",
	"rewind": "⏪",
	"resume": "▶️",
	"remove": "⏏️",
	"queue": "🎶",
	"playlist": "🎶",
	"play": "▶️",
	"pause": "<:emoji_91:933962510892171284>",
	"loop": "🔁",
	"forward": "⏩",
	"filter": "<a:Filter:936861755466997801>",
	"autoplay": "🎵",
	"addsong": "🎵",
	"music": "🎵",
	"warn": "⚠️",
	"join": "📥",
	"leave": "📤",
	"about": "🔎",
	"jump": "⏭️"
}